-- FILME
INSERT INTO FILME (numFilme, titulo_original, titulo_pt, duracao, data_lancamento, direcao, categoria, classificacao) VALUES (1, 'The Final Forest', 'A Coracao', 145, '2017-03-26', 'Kenji Lee', 'Acao', 1);
INSERT INTO FILME (numFilme, titulo_original, titulo_pt, duracao, data_lancamento, direcao, categoria, classificacao) VALUES (2, 'World of Empire', 'Aurora de Noite', 83, '2017-10-15', 'Sophia Jones', 'Acao', 2);
INSERT INTO FILME (numFilme, titulo_original, titulo_pt, duracao, data_lancamento, direcao, categoria, classificacao) VALUES (3, 'Fire of Dream', 'Os Mundo Eterno', 161, '1996-01-30', 'Emma Rodriguez', 'Animacao', 2);
INSERT INTO FILME (numFilme, titulo_original, titulo_pt, duracao, data_lancamento, direcao, categoria, classificacao) VALUES (4, 'The Legend', 'Caminho de Lenda', 105, '2023-02-26', 'Lena Tanaka', 'Documentario', 1);
INSERT INTO FILME (numFilme, titulo_original, titulo_pt, duracao, data_lancamento, direcao, categoria, classificacao) VALUES (5, 'The Steel Kingdom', 'As Rio', 93, '2002-01-27', 'Priya Davis', 'Comedia', 5);
INSERT INTO FILME (numFilme, titulo_original, titulo_pt, duracao, data_lancamento, direcao, categoria, classificacao) VALUES (6, 'The Night', 'Oceano de Montanha', 135, '2008-07-02', 'Joseph Dubois', 'Ficcao Cientifica', 3);
INSERT INTO FILME (numFilme, titulo_original, titulo_pt, duracao, data_lancamento, direcao, categoria, classificacao) VALUES (7, 'Fire of Road', 'Os Reino Mistico', 102, '2012-12-28', 'Ingrid White', 'Acao', 3);
INSERT INTO FILME (numFilme, titulo_original, titulo_pt, duracao, data_lancamento, direcao, categoria, classificacao) VALUES (8, 'Last Road', 'Os Fogo Silencioso', 139, '2018-11-18', 'Hans Johansson', 'Animacao', 2);
INSERT INTO FILME (numFilme, titulo_original, titulo_pt, duracao, data_lancamento, direcao, categoria, classificacao) VALUES (9, 'Dream of Sky', 'As Sombrio Fogo', 118, '1995-02-12', 'Thomas Rossi', 'Drama', 4);
INSERT INTO FILME (numFilme, titulo_original, titulo_pt, duracao, data_lancamento, direcao, categoria, classificacao) VALUES (10, 'Shadow Storm', 'A Gelado Jornada', 117, '1992-06-21', 'Ahmed Davis', 'Terror', 1);
INSERT INTO FILME (numFilme, titulo_original, titulo_pt, duracao, data_lancamento, direcao, categoria, classificacao) VALUES (11, 'The Dawn', 'Imperio de Mundo', 86, '1999-09-09', 'Emily Harris', 'Romance', 1);
INSERT INTO FILME (numFilme, titulo_original, titulo_pt, duracao, data_lancamento, direcao, categoria, classificacao) VALUES (12, 'Mystic City', 'As Fogo', 143, '2006-07-14', 'David Johansson', 'Animacao', 4);
INSERT INTO FILME (numFilme, titulo_original, titulo_pt, duracao, data_lancamento, direcao, categoria, classificacao) VALUES (13, 'The Road', 'Os Fogo', 130, '2024-10-19', 'Isabella Dubois', 'Terror', 4);
INSERT INTO FILME (numFilme, titulo_original, titulo_pt, duracao, data_lancamento, direcao, categoria, classificacao) VALUES (14, 'Silent River', 'Os Eterno Lenda', 93, '2007-09-11', 'Robert Davis', 'Acao', 3);
INSERT INTO FILME (numFilme, titulo_original, titulo_pt, duracao, data_lancamento, direcao, categoria, classificacao) VALUES (15, 'The Dark Ocean', 'Aurora de Fogo', 80, '2018-09-29', 'Robert Lee', 'Animacao', 5);
INSERT INTO FILME (numFilme, titulo_original, titulo_pt, duracao, data_lancamento, direcao, categoria, classificacao) VALUES (16, 'Secret of Legend', 'O Eterno Jornada', 157, '2005-04-23', 'Thomas Anderson', 'Comedia', 5);
INSERT INTO FILME (numFilme, titulo_original, titulo_pt, duracao, data_lancamento, direcao, categoria, classificacao) VALUES (17, 'The Ocean', 'Os Mundo Perdido', 133, '2018-12-27', 'Olivia Garcia', 'Comedia', 5);
INSERT INTO FILME (numFilme, titulo_original, titulo_pt, duracao, data_lancamento, direcao, categoria, classificacao) VALUES (18, 'The World', 'Os Ardente Coracao', 122, '1999-08-03', 'Emily Johansson', 'Drama', 5);
INSERT INTO FILME (numFilme, titulo_original, titulo_pt, duracao, data_lancamento, direcao, categoria, classificacao) VALUES (19, 'The Secret', 'Montanha de Montanha', 135, '2011-12-13', 'William Martin', 'Romance', 1);
INSERT INTO FILME (numFilme, titulo_original, titulo_pt, duracao, data_lancamento, direcao, categoria, classificacao) VALUES (20, 'Savage Destiny', 'As Oculto Caminho', 136, '2018-04-25', 'Joseph Thompson', 'Ficcao Cientifica', 2);
INSERT INTO FILME (numFilme, titulo_original, titulo_pt, duracao, data_lancamento, direcao, categoria, classificacao) VALUES (21, 'Ancient Night', 'As Ardente Coracao', 132, '2014-03-07', 'Olivia Tanaka', 'Ficcao Cientifica', 5);
INSERT INTO FILME (numFilme, titulo_original, titulo_pt, duracao, data_lancamento, direcao, categoria, classificacao) VALUES (22, 'Dawn of Empire', 'Mundo de Segredo', 137, '2009-10-31', 'Kenji Jackson', 'Acao', 4);
INSERT INTO FILME (numFilme, titulo_original, titulo_pt, duracao, data_lancamento, direcao, categoria, classificacao) VALUES (23, 'Savage Empire', 'Os Jornada Gelado', 107, '2017-12-03', 'Hans Tanaka', 'Suspense', 1);
INSERT INTO FILME (numFilme, titulo_original, titulo_pt, duracao, data_lancamento, direcao, categoria, classificacao) VALUES (24, 'The Heart', 'As Aurora', 135, '2021-08-22', 'Mia Miller', 'Comedia', 3);
INSERT INTO FILME (numFilme, titulo_original, titulo_pt, duracao, data_lancamento, direcao, categoria, classificacao) VALUES (25, 'Empire of River', 'Os Ultimo Aurora', 180, '2002-12-08', 'Lena Thompson', 'Ficcao Cientifica', 3);
INSERT INTO FILME (numFilme, titulo_original, titulo_pt, duracao, data_lancamento, direcao, categoria, classificacao) VALUES (26, 'The Burning Forest', 'As Cristal Reino', 149, '1995-08-11', 'Lena Taylor', 'Suspense', 2);
INSERT INTO FILME (numFilme, titulo_original, titulo_pt, duracao, data_lancamento, direcao, categoria, classificacao) VALUES (27, 'The Empire', 'Coracao de Segredo', 113, '2014-08-04', 'Emma Dubois', 'Animacao', 5);
INSERT INTO FILME (numFilme, titulo_original, titulo_pt, duracao, data_lancamento, direcao, categoria, classificacao) VALUES (28, 'Ocean of River', 'O Dourado Mundo', 136, '2000-12-11', 'John Smith', 'Terror', 5);
INSERT INTO FILME (numFilme, titulo_original, titulo_pt, duracao, data_lancamento, direcao, categoria, classificacao) VALUES (29, 'Empire of Legend', 'O Montanha', 88, '2023-01-19', 'Ahmed Brown', 'Drama', 2);
INSERT INTO FILME (numFilme, titulo_original, titulo_pt, duracao, data_lancamento, direcao, categoria, classificacao) VALUES (30, 'Legend of Forest', 'A Carmesim Lenda', 124, '2016-04-25', 'Richard Garcia', 'Ficcao Cientifica', 3);
INSERT INTO FILME (numFilme, titulo_original, titulo_pt, duracao, data_lancamento, direcao, categoria, classificacao) VALUES (31, 'The Mystic River', 'A Ceu', 118, '2003-05-05', 'Michael Jones', 'Acao', 5);
INSERT INTO FILME (numFilme, titulo_original, titulo_pt, duracao, data_lancamento, direcao, categoria, classificacao) VALUES (32, 'Hidden Journey', 'O Selvagem Imperio', 122, '2007-04-26', 'Thomas Williams', 'Acao', 1);
INSERT INTO FILME (numFilme, titulo_original, titulo_pt, duracao, data_lancamento, direcao, categoria, classificacao) VALUES (33, 'Forest of Legend', 'Aurora de Lenda', 159, '2005-06-19', 'Sophia Tanaka', 'Terror', 2);
INSERT INTO FILME (numFilme, titulo_original, titulo_pt, duracao, data_lancamento, direcao, categoria, classificacao) VALUES (34, 'The Crimson Ocean', 'Os Cidade', 93, '2015-12-30', 'Giulia Smith', 'Drama', 4);
INSERT INTO FILME (numFilme, titulo_original, titulo_pt, duracao, data_lancamento, direcao, categoria, classificacao) VALUES (35, 'The Shadow Empire', 'As Segredo Quebrado', 143, '2005-05-13', 'John Taylor', 'Romance', 5);
INSERT INTO FILME (numFilme, titulo_original, titulo_pt, duracao, data_lancamento, direcao, categoria, classificacao) VALUES (36, 'The River', 'Noite de Mundo', 122, '2021-06-02', 'Charlotte Rodriguez', 'Comedia', 1);
INSERT INTO FILME (numFilme, titulo_original, titulo_pt, duracao, data_lancamento, direcao, categoria, classificacao) VALUES (37, 'The Eternal Ocean', 'A Noite Quebrado', 111, '1997-08-18', 'Charlotte Anderson', 'Romance', 4);
INSERT INTO FILME (numFilme, titulo_original, titulo_pt, duracao, data_lancamento, direcao, categoria, classificacao) VALUES (38, 'Crimson Forest', 'O Jornada', 102, '2020-08-06', 'Emma Muller', 'Comedia', 5);
INSERT INTO FILME (numFilme, titulo_original, titulo_pt, duracao, data_lancamento, direcao, categoria, classificacao) VALUES (39, 'Frozen Dawn', 'Os Ultimo Segredo', 123, '2006-02-02', 'Emily Jones', 'Comedia', 3);
INSERT INTO FILME (numFilme, titulo_original, titulo_pt, duracao, data_lancamento, direcao, categoria, classificacao) VALUES (40, 'The Frozen Kingdom', 'Os Noite Cristal', 128, '2005-11-16', 'Pierre Jones', 'Animacao', 2);
INSERT INTO FILME (numFilme, titulo_original, titulo_pt, duracao, data_lancamento, direcao, categoria, classificacao) VALUES (41, 'Lost City', 'Ceu de Montanha', 96, '1997-07-20', 'Thomas Smith', 'Ficcao Cientifica', 3);
INSERT INTO FILME (numFilme, titulo_original, titulo_pt, duracao, data_lancamento, direcao, categoria, classificacao) VALUES (42, 'Crystal Forest', 'A Reino de Ferro', 80, '2001-05-21', 'Sophie Harris', 'Ficcao Cientifica', 2);
INSERT INTO FILME (numFilme, titulo_original, titulo_pt, duracao, data_lancamento, direcao, categoria, classificacao) VALUES (43, 'The Silent Empire', 'Coracao de Aurora', 131, '2003-08-08', 'Daniel Jackson', 'Acao', 2);
INSERT INTO FILME (numFilme, titulo_original, titulo_pt, duracao, data_lancamento, direcao, categoria, classificacao) VALUES (44, 'Eternal Kingdom', 'Os Coracao', 80, '1991-09-07', 'Ahmed Harris', 'Romance', 2);
INSERT INTO FILME (numFilme, titulo_original, titulo_pt, duracao, data_lancamento, direcao, categoria, classificacao) VALUES (45, 'The City', 'O Floresta Ultimo', 84, '2018-11-30', 'Lena Tanaka', 'Drama', 1);
INSERT INTO FILME (numFilme, titulo_original, titulo_pt, duracao, data_lancamento, direcao, categoria, classificacao) VALUES (46, 'Mountain of Secret', 'Reino de Sonho', 80, '2009-09-14', 'Mia Anderson', 'Acao', 4);
INSERT INTO FILME (numFilme, titulo_original, titulo_pt, duracao, data_lancamento, direcao, categoria, classificacao) VALUES (47, 'The Silent Sky', 'A Reino', 104, '2007-02-10', 'Olivia Miller', 'Ficcao Cientifica', 3);
INSERT INTO FILME (numFilme, titulo_original, titulo_pt, duracao, data_lancamento, direcao, categoria, classificacao) VALUES (48, 'The Ancient World', 'A Rio', 93, '2001-01-18', 'Ahmed Garcia', 'Romance', 2);
INSERT INTO FILME (numFilme, titulo_original, titulo_pt, duracao, data_lancamento, direcao, categoria, classificacao) VALUES (49, 'Shadow Heart', 'Noite de Caminho', 123, '2024-06-30', 'Thomas Martinez', 'Comedia', 1);
INSERT INTO FILME (numFilme, titulo_original, titulo_pt, duracao, data_lancamento, direcao, categoria, classificacao) VALUES (50, 'The Wild Night', 'Os Cidade', 126, '2008-12-21', 'Amelia Martinez', 'Terror', 2);
INSERT INTO FILME (numFilme, titulo_original, titulo_pt, duracao, data_lancamento, direcao, categoria, classificacao) VALUES (51, 'Eternal Legend', 'Caminho de Cidade', 137, '1994-07-17', 'Ahmed Jackson', 'Animacao', 3);
INSERT INTO FILME (numFilme, titulo_original, titulo_pt, duracao, data_lancamento, direcao, categoria, classificacao) VALUES (52, 'The Last Dawn', 'O Lenda Ultimo', 93, '1996-02-22', 'David Smith', 'Acao', 1);
INSERT INTO FILME (numFilme, titulo_original, titulo_pt, duracao, data_lancamento, direcao, categoria, classificacao) VALUES (53, 'Frozen Sky', 'O Jornada', 93, '1998-12-24', 'Sophie Davis', 'Ficcao Cientifica', 2);
INSERT INTO FILME (numFilme, titulo_original, titulo_pt, duracao, data_lancamento, direcao, categoria, classificacao) VALUES (54, 'City of Ocean', 'Noite de Caminho', 104, '2025-06-27', 'Kenji Taylor', 'Ficcao Cientifica', 1);
INSERT INTO FILME (numFilme, titulo_original, titulo_pt, duracao, data_lancamento, direcao, categoria, classificacao) VALUES (55, 'Fire of Secret', 'Os Fogo Dourado', 118, '2000-03-02', 'Marie Taylor', 'Documentario', 5);
INSERT INTO FILME (numFilme, titulo_original, titulo_pt, duracao, data_lancamento, direcao, categoria, classificacao) VALUES (56, 'Silent Heart', 'A Ardente Ceu', 123, '1996-03-25', 'Thomas Martin', 'Animacao', 1);
INSERT INTO FILME (numFilme, titulo_original, titulo_pt, duracao, data_lancamento, direcao, categoria, classificacao) VALUES (57, 'The Last World', 'As Silencioso Montanha', 96, '2012-10-23', 'James White', 'Animacao', 5);
INSERT INTO FILME (numFilme, titulo_original, titulo_pt, duracao, data_lancamento, direcao, categoria, classificacao) VALUES (58, 'River of Mountain', 'As Sombrio Oceano', 135, '2014-02-21', 'Priya Williams', 'Romance', 2);
INSERT INTO FILME (numFilme, titulo_original, titulo_pt, duracao, data_lancamento, direcao, categoria, classificacao) VALUES (59, 'Empire of Road', 'A Eterno Montanha', 95, '2022-12-04', 'John Martin', 'Comedia', 3);
INSERT INTO FILME (numFilme, titulo_original, titulo_pt, duracao, data_lancamento, direcao, categoria, classificacao) VALUES (60, 'The Savage Secret', 'Segredo de Fogo', 162, '2000-05-28', 'Lena Williams', 'Ficcao Cientifica', 1);
INSERT INTO FILME (numFilme, titulo_original, titulo_pt, duracao, data_lancamento, direcao, categoria, classificacao) VALUES (61, 'Empire of Storm', 'Lenda de Mundo', 80, '2019-11-22', 'Emily Martin', 'Comedia', 3);
INSERT INTO FILME (numFilme, titulo_original, titulo_pt, duracao, data_lancamento, direcao, categoria, classificacao) VALUES (62, 'The Savage Dream', 'O Jornada', 140, '2001-05-30', 'Marie Anderson', 'Drama', 5);
INSERT INTO FILME (numFilme, titulo_original, titulo_pt, duracao, data_lancamento, direcao, categoria, classificacao) VALUES (63, 'The Forest', 'Aurora de Aurora', 143, '2010-03-05', 'Charlotte Lee', 'Acao', 3);
INSERT INTO FILME (numFilme, titulo_original, titulo_pt, duracao, data_lancamento, direcao, categoria, classificacao) VALUES (64, 'The Kingdom', 'A Sonho Ardente', 138, '1990-10-21', 'Emma Harris', 'Terror', 1);
INSERT INTO FILME (numFilme, titulo_original, titulo_pt, duracao, data_lancamento, direcao, categoria, classificacao) VALUES (65, 'World of Legend', 'Lenda de Caminho', 119, '2019-10-10', 'Robert Harris', 'Animacao', 2);
INSERT INTO FILME (numFilme, titulo_original, titulo_pt, duracao, data_lancamento, direcao, categoria, classificacao) VALUES (66, 'The Ancient Forest', 'A Gelado Coracao', 151, '2017-07-14', 'Yuki Johnson', 'Ficcao Cientifica', 5);
INSERT INTO FILME (numFilme, titulo_original, titulo_pt, duracao, data_lancamento, direcao, categoria, classificacao) VALUES (67, 'Crimson Night', 'Fogo de Lenda', 80, '2004-03-02', 'Yuki White', 'Suspense', 1);
INSERT INTO FILME (numFilme, titulo_original, titulo_pt, duracao, data_lancamento, direcao, categoria, classificacao) VALUES (68, 'Legend of Destiny', 'O Floresta Final', 105, '2018-10-12', 'Sophie Smith', 'Drama', 4);
INSERT INTO FILME (numFilme, titulo_original, titulo_pt, duracao, data_lancamento, direcao, categoria, classificacao) VALUES (69, 'The Eternal Secret', 'Ceu de Segredo', 113, '1992-03-15', 'Charlotte Martin', 'Romance', 3);
INSERT INTO FILME (numFilme, titulo_original, titulo_pt, duracao, data_lancamento, direcao, categoria, classificacao) VALUES (70, 'The Burning Ocean', 'A Destino', 150, '2008-01-19', 'Priya Miller', 'Romance', 1);
INSERT INTO FILME (numFilme, titulo_original, titulo_pt, duracao, data_lancamento, direcao, categoria, classificacao) VALUES (71, 'Shadow Dawn', 'A Reino', 122, '2013-12-01', 'Mia Dubois', 'Terror', 4);
INSERT INTO FILME (numFilme, titulo_original, titulo_pt, duracao, data_lancamento, direcao, categoria, classificacao) VALUES (72, 'The Savage River', 'Os Caminho', 127, '2004-06-22', 'Priya Jackson', 'Acao', 4);
INSERT INTO FILME (numFilme, titulo_original, titulo_pt, duracao, data_lancamento, direcao, categoria, classificacao) VALUES (73, 'Dark World', 'As Segredo', 83, '2001-11-13', 'Charlotte Johnson', 'Drama', 2);
INSERT INTO FILME (numFilme, titulo_original, titulo_pt, duracao, data_lancamento, direcao, categoria, classificacao) VALUES (74, 'Kingdom of Kingdom', 'Floresta de Mundo', 125, '2011-01-21', 'Priya Jones', 'Drama', 4);
INSERT INTO FILME (numFilme, titulo_original, titulo_pt, duracao, data_lancamento, direcao, categoria, classificacao) VALUES (75, 'The Shadow Legend', 'Os das Sombras Segredo', 109, '1997-07-26', 'John White', 'Animacao', 4);
INSERT INTO FILME (numFilme, titulo_original, titulo_pt, duracao, data_lancamento, direcao, categoria, classificacao) VALUES (76, 'Golden Mountain', 'A Sombrio Sonho', 147, '1997-09-06', 'Robert Thomas', 'Terror', 3);
INSERT INTO FILME (numFilme, titulo_original, titulo_pt, duracao, data_lancamento, direcao, categoria, classificacao) VALUES (77, 'The Mystic Ocean', 'Mundo de Mundo', 89, '2017-07-08', 'Yuki Rodriguez', 'Drama', 5);
INSERT INTO FILME (numFilme, titulo_original, titulo_pt, duracao, data_lancamento, direcao, categoria, classificacao) VALUES (78, 'Burning Mountain', 'O Coracao', 121, '2019-07-14', 'Marie Martin', 'Acao', 3);
INSERT INTO FILME (numFilme, titulo_original, titulo_pt, duracao, data_lancamento, direcao, categoria, classificacao) VALUES (79, 'The Savage Road', 'O Antigo Destino', 142, '1995-07-01', 'Michael Moore', 'Romance', 4);
INSERT INTO FILME (numFilme, titulo_original, titulo_pt, duracao, data_lancamento, direcao, categoria, classificacao) VALUES (80, 'The Steel City', 'Os Oculto Segredo', 97, '2009-08-29', 'William Lee', 'Suspense', 1);

-- MIDIA
INSERT INTO MIDIA (numFilme, numero, tipo) VALUES (1, 1, 'Blu-ray');
INSERT INTO MIDIA (numFilme, numero, tipo) VALUES (1, 2, 'VHS');
INSERT INTO MIDIA (numFilme, numero, tipo) VALUES (1, 3, 'DVD');
INSERT INTO MIDIA (numFilme, numero, tipo) VALUES (2, 1, 'VHS');
INSERT INTO MIDIA (numFilme, numero, tipo) VALUES (2, 2, 'Blu-ray');
INSERT INTO MIDIA (numFilme, numero, tipo) VALUES (3, 1, 'Blu-ray');
INSERT INTO MIDIA (numFilme, numero, tipo) VALUES (3, 2, 'VHS');
INSERT INTO MIDIA (numFilme, numero, tipo) VALUES (4, 1, 'Blu-ray');
INSERT INTO MIDIA (numFilme, numero, tipo) VALUES (4, 2, 'VHS');
INSERT INTO MIDIA (numFilme, numero, tipo) VALUES (5, 1, 'DVD');
INSERT INTO MIDIA (numFilme, numero, tipo) VALUES (5, 2, 'Blu-ray');
INSERT INTO MIDIA (numFilme, numero, tipo) VALUES (6, 1, 'Blu-ray');
INSERT INTO MIDIA (numFilme, numero, tipo) VALUES (7, 1, 'DVD');
INSERT INTO MIDIA (numFilme, numero, tipo) VALUES (8, 1, 'VHS');
INSERT INTO MIDIA (numFilme, numero, tipo) VALUES (9, 1, 'Blu-ray');
INSERT INTO MIDIA (numFilme, numero, tipo) VALUES (9, 2, 'VHS');
INSERT INTO MIDIA (numFilme, numero, tipo) VALUES (10, 1, 'Blu-ray');
INSERT INTO MIDIA (numFilme, numero, tipo) VALUES (10, 2, 'DVD');
INSERT INTO MIDIA (numFilme, numero, tipo) VALUES (11, 1, 'Blu-ray');
INSERT INTO MIDIA (numFilme, numero, tipo) VALUES (11, 2, 'VHS');
INSERT INTO MIDIA (numFilme, numero, tipo) VALUES (12, 1, 'Blu-ray');
INSERT INTO MIDIA (numFilme, numero, tipo) VALUES (12, 2, 'DVD');
INSERT INTO MIDIA (numFilme, numero, tipo) VALUES (13, 1, 'DVD');
INSERT INTO MIDIA (numFilme, numero, tipo) VALUES (14, 1, 'Blu-ray');
INSERT INTO MIDIA (numFilme, numero, tipo) VALUES (15, 1, 'Blu-ray');
INSERT INTO MIDIA (numFilme, numero, tipo) VALUES (15, 2, 'DVD');
INSERT INTO MIDIA (numFilme, numero, tipo) VALUES (15, 3, 'VHS');
INSERT INTO MIDIA (numFilme, numero, tipo) VALUES (16, 1, 'Blu-ray');
INSERT INTO MIDIA (numFilme, numero, tipo) VALUES (17, 1, 'Blu-ray');
INSERT INTO MIDIA (numFilme, numero, tipo) VALUES (17, 2, 'VHS');
INSERT INTO MIDIA (numFilme, numero, tipo) VALUES (17, 3, 'DVD');
INSERT INTO MIDIA (numFilme, numero, tipo) VALUES (18, 1, 'Blu-ray');
INSERT INTO MIDIA (numFilme, numero, tipo) VALUES (18, 2, 'DVD');
INSERT INTO MIDIA (numFilme, numero, tipo) VALUES (19, 1, 'Blu-ray');
INSERT INTO MIDIA (numFilme, numero, tipo) VALUES (19, 2, 'VHS');
INSERT INTO MIDIA (numFilme, numero, tipo) VALUES (19, 3, 'DVD');
INSERT INTO MIDIA (numFilme, numero, tipo) VALUES (20, 1, 'Blu-ray');
INSERT INTO MIDIA (numFilme, numero, tipo) VALUES (20, 2, 'VHS');
INSERT INTO MIDIA (numFilme, numero, tipo) VALUES (20, 3, 'DVD');
INSERT INTO MIDIA (numFilme, numero, tipo) VALUES (21, 1, 'Blu-ray');
INSERT INTO MIDIA (numFilme, numero, tipo) VALUES (21, 2, 'DVD');
INSERT INTO MIDIA (numFilme, numero, tipo) VALUES (21, 3, 'VHS');
INSERT INTO MIDIA (numFilme, numero, tipo) VALUES (22, 1, 'VHS');
INSERT INTO MIDIA (numFilme, numero, tipo) VALUES (23, 1, 'Blu-ray');
INSERT INTO MIDIA (numFilme, numero, tipo) VALUES (23, 2, 'VHS');
INSERT INTO MIDIA (numFilme, numero, tipo) VALUES (24, 1, 'Blu-ray');
INSERT INTO MIDIA (numFilme, numero, tipo) VALUES (25, 1, 'DVD');
INSERT INTO MIDIA (numFilme, numero, tipo) VALUES (25, 2, 'VHS');
INSERT INTO MIDIA (numFilme, numero, tipo) VALUES (26, 1, 'VHS');
INSERT INTO MIDIA (numFilme, numero, tipo) VALUES (26, 2, 'DVD');
INSERT INTO MIDIA (numFilme, numero, tipo) VALUES (26, 3, 'Blu-ray');
INSERT INTO MIDIA (numFilme, numero, tipo) VALUES (27, 1, 'DVD');
INSERT INTO MIDIA (numFilme, numero, tipo) VALUES (28, 1, 'DVD');
INSERT INTO MIDIA (numFilme, numero, tipo) VALUES (28, 2, 'Blu-ray');
INSERT INTO MIDIA (numFilme, numero, tipo) VALUES (29, 1, 'DVD');
INSERT INTO MIDIA (numFilme, numero, tipo) VALUES (29, 2, 'Blu-ray');
INSERT INTO MIDIA (numFilme, numero, tipo) VALUES (30, 1, 'Blu-ray');
INSERT INTO MIDIA (numFilme, numero, tipo) VALUES (31, 1, 'VHS');
INSERT INTO MIDIA (numFilme, numero, tipo) VALUES (32, 1, 'Blu-ray');
INSERT INTO MIDIA (numFilme, numero, tipo) VALUES (32, 2, 'DVD');
INSERT INTO MIDIA (numFilme, numero, tipo) VALUES (33, 1, 'VHS');
INSERT INTO MIDIA (numFilme, numero, tipo) VALUES (33, 2, 'DVD');
INSERT INTO MIDIA (numFilme, numero, tipo) VALUES (33, 3, 'Blu-ray');
INSERT INTO MIDIA (numFilme, numero, tipo) VALUES (34, 1, 'DVD');
INSERT INTO MIDIA (numFilme, numero, tipo) VALUES (35, 1, 'VHS');
INSERT INTO MIDIA (numFilme, numero, tipo) VALUES (36, 1, 'Blu-ray');
INSERT INTO MIDIA (numFilme, numero, tipo) VALUES (37, 1, 'DVD');
INSERT INTO MIDIA (numFilme, numero, tipo) VALUES (38, 1, 'DVD');
INSERT INTO MIDIA (numFilme, numero, tipo) VALUES (38, 2, 'Blu-ray');
INSERT INTO MIDIA (numFilme, numero, tipo) VALUES (39, 1, 'DVD');
INSERT INTO MIDIA (numFilme, numero, tipo) VALUES (39, 2, 'VHS');
INSERT INTO MIDIA (numFilme, numero, tipo) VALUES (39, 3, 'Blu-ray');
INSERT INTO MIDIA (numFilme, numero, tipo) VALUES (40, 1, 'DVD');
INSERT INTO MIDIA (numFilme, numero, tipo) VALUES (41, 1, 'DVD');
INSERT INTO MIDIA (numFilme, numero, tipo) VALUES (41, 2, 'Blu-ray');
INSERT INTO MIDIA (numFilme, numero, tipo) VALUES (42, 1, 'VHS');
INSERT INTO MIDIA (numFilme, numero, tipo) VALUES (42, 2, 'Blu-ray');
INSERT INTO MIDIA (numFilme, numero, tipo) VALUES (42, 3, 'DVD');
INSERT INTO MIDIA (numFilme, numero, tipo) VALUES (43, 1, 'VHS');
INSERT INTO MIDIA (numFilme, numero, tipo) VALUES (43, 2, 'Blu-ray');
INSERT INTO MIDIA (numFilme, numero, tipo) VALUES (44, 1, 'VHS');
INSERT INTO MIDIA (numFilme, numero, tipo) VALUES (44, 2, 'Blu-ray');
INSERT INTO MIDIA (numFilme, numero, tipo) VALUES (45, 1, 'DVD');
INSERT INTO MIDIA (numFilme, numero, tipo) VALUES (46, 1, 'DVD');
INSERT INTO MIDIA (numFilme, numero, tipo) VALUES (47, 1, 'DVD');
INSERT INTO MIDIA (numFilme, numero, tipo) VALUES (47, 2, 'VHS');
INSERT INTO MIDIA (numFilme, numero, tipo) VALUES (48, 1, 'DVD');
INSERT INTO MIDIA (numFilme, numero, tipo) VALUES (48, 2, 'VHS');
INSERT INTO MIDIA (numFilme, numero, tipo) VALUES (49, 1, 'VHS');
INSERT INTO MIDIA (numFilme, numero, tipo) VALUES (49, 2, 'DVD');
INSERT INTO MIDIA (numFilme, numero, tipo) VALUES (49, 3, 'Blu-ray');
INSERT INTO MIDIA (numFilme, numero, tipo) VALUES (50, 1, 'DVD');
INSERT INTO MIDIA (numFilme, numero, tipo) VALUES (51, 1, 'DVD');
INSERT INTO MIDIA (numFilme, numero, tipo) VALUES (51, 2, 'Blu-ray');
INSERT INTO MIDIA (numFilme, numero, tipo) VALUES (52, 1, 'VHS');
INSERT INTO MIDIA (numFilme, numero, tipo) VALUES (52, 2, 'Blu-ray');
INSERT INTO MIDIA (numFilme, numero, tipo) VALUES (53, 1, 'DVD');
INSERT INTO MIDIA (numFilme, numero, tipo) VALUES (54, 1, 'Blu-ray');
INSERT INTO MIDIA (numFilme, numero, tipo) VALUES (54, 2, 'VHS');
INSERT INTO MIDIA (numFilme, numero, tipo) VALUES (54, 3, 'DVD');
INSERT INTO MIDIA (numFilme, numero, tipo) VALUES (55, 1, 'Blu-ray');
INSERT INTO MIDIA (numFilme, numero, tipo) VALUES (55, 2, 'DVD');
INSERT INTO MIDIA (numFilme, numero, tipo) VALUES (55, 3, 'VHS');
INSERT INTO MIDIA (numFilme, numero, tipo) VALUES (56, 1, 'VHS');
INSERT INTO MIDIA (numFilme, numero, tipo) VALUES (57, 1, 'Blu-ray');
INSERT INTO MIDIA (numFilme, numero, tipo) VALUES (57, 2, 'VHS');
INSERT INTO MIDIA (numFilme, numero, tipo) VALUES (57, 3, 'DVD');
INSERT INTO MIDIA (numFilme, numero, tipo) VALUES (58, 1, 'VHS');
INSERT INTO MIDIA (numFilme, numero, tipo) VALUES (58, 2, 'Blu-ray');
INSERT INTO MIDIA (numFilme, numero, tipo) VALUES (59, 1, 'VHS');
INSERT INTO MIDIA (numFilme, numero, tipo) VALUES (60, 1, 'DVD');
INSERT INTO MIDIA (numFilme, numero, tipo) VALUES (60, 2, 'VHS');
INSERT INTO MIDIA (numFilme, numero, tipo) VALUES (61, 1, 'VHS');
INSERT INTO MIDIA (numFilme, numero, tipo) VALUES (62, 1, 'DVD');
INSERT INTO MIDIA (numFilme, numero, tipo) VALUES (62, 2, 'Blu-ray');
INSERT INTO MIDIA (numFilme, numero, tipo) VALUES (62, 3, 'VHS');
INSERT INTO MIDIA (numFilme, numero, tipo) VALUES (63, 1, 'DVD');
INSERT INTO MIDIA (numFilme, numero, tipo) VALUES (63, 2, 'VHS');
INSERT INTO MIDIA (numFilme, numero, tipo) VALUES (63, 3, 'Blu-ray');
INSERT INTO MIDIA (numFilme, numero, tipo) VALUES (64, 1, 'VHS');
INSERT INTO MIDIA (numFilme, numero, tipo) VALUES (64, 2, 'DVD');
INSERT INTO MIDIA (numFilme, numero, tipo) VALUES (65, 1, 'Blu-ray');
INSERT INTO MIDIA (numFilme, numero, tipo) VALUES (65, 2, 'DVD');
INSERT INTO MIDIA (numFilme, numero, tipo) VALUES (65, 3, 'VHS');
INSERT INTO MIDIA (numFilme, numero, tipo) VALUES (66, 1, 'VHS');
INSERT INTO MIDIA (numFilme, numero, tipo) VALUES (67, 1, 'Blu-ray');
INSERT INTO MIDIA (numFilme, numero, tipo) VALUES (67, 2, 'VHS');
INSERT INTO MIDIA (numFilme, numero, tipo) VALUES (67, 3, 'DVD');
INSERT INTO MIDIA (numFilme, numero, tipo) VALUES (68, 1, 'Blu-ray');
INSERT INTO MIDIA (numFilme, numero, tipo) VALUES (68, 2, 'DVD');
INSERT INTO MIDIA (numFilme, numero, tipo) VALUES (69, 1, 'VHS');
INSERT INTO MIDIA (numFilme, numero, tipo) VALUES (70, 1, 'Blu-ray');
INSERT INTO MIDIA (numFilme, numero, tipo) VALUES (70, 2, 'DVD');
INSERT INTO MIDIA (numFilme, numero, tipo) VALUES (71, 1, 'DVD');
INSERT INTO MIDIA (numFilme, numero, tipo) VALUES (71, 2, 'Blu-ray');
INSERT INTO MIDIA (numFilme, numero, tipo) VALUES (72, 1, 'VHS');
INSERT INTO MIDIA (numFilme, numero, tipo) VALUES (72, 2, 'DVD');
INSERT INTO MIDIA (numFilme, numero, tipo) VALUES (73, 1, 'DVD');
INSERT INTO MIDIA (numFilme, numero, tipo) VALUES (73, 2, 'VHS');
INSERT INTO MIDIA (numFilme, numero, tipo) VALUES (74, 1, 'DVD');
INSERT INTO MIDIA (numFilme, numero, tipo) VALUES (75, 1, 'DVD');
INSERT INTO MIDIA (numFilme, numero, tipo) VALUES (76, 1, 'DVD');
INSERT INTO MIDIA (numFilme, numero, tipo) VALUES (77, 1, 'VHS');
INSERT INTO MIDIA (numFilme, numero, tipo) VALUES (77, 2, 'Blu-ray');
INSERT INTO MIDIA (numFilme, numero, tipo) VALUES (78, 1, 'VHS');
INSERT INTO MIDIA (numFilme, numero, tipo) VALUES (79, 1, 'Blu-ray');
INSERT INTO MIDIA (numFilme, numero, tipo) VALUES (79, 2, 'VHS');
INSERT INTO MIDIA (numFilme, numero, tipo) VALUES (80, 1, 'VHS');
INSERT INTO MIDIA (numFilme, numero, tipo) VALUES (80, 2, 'Blu-ray');

-- ESTRELA
INSERT INTO ESTRELA (num_Filme, codAtor) VALUES (1, 33);
INSERT INTO ESTRELA (num_Filme, codAtor) VALUES (1, 6);
INSERT INTO ESTRELA (num_Filme, codAtor) VALUES (1, 9);
INSERT INTO ESTRELA (num_Filme, codAtor) VALUES (1, 43);
INSERT INTO ESTRELA (num_Filme, codAtor) VALUES (2, 11);
INSERT INTO ESTRELA (num_Filme, codAtor) VALUES (2, 18);
INSERT INTO ESTRELA (num_Filme, codAtor) VALUES (3, 7);
INSERT INTO ESTRELA (num_Filme, codAtor) VALUES (3, 2);
INSERT INTO ESTRELA (num_Filme, codAtor) VALUES (3, 12);
INSERT INTO ESTRELA (num_Filme, codAtor) VALUES (4, 1);
INSERT INTO ESTRELA (num_Filme, codAtor) VALUES (4, 37);
INSERT INTO ESTRELA (num_Filme, codAtor) VALUES (4, 45);
INSERT INTO ESTRELA (num_Filme, codAtor) VALUES (5, 41);
INSERT INTO ESTRELA (num_Filme, codAtor) VALUES (5, 34);
INSERT INTO ESTRELA (num_Filme, codAtor) VALUES (5, 25);
INSERT INTO ESTRELA (num_Filme, codAtor) VALUES (6, 43);
INSERT INTO ESTRELA (num_Filme, codAtor) VALUES (6, 24);
INSERT INTO ESTRELA (num_Filme, codAtor) VALUES (6, 21);
INSERT INTO ESTRELA (num_Filme, codAtor) VALUES (6, 35);
INSERT INTO ESTRELA (num_Filme, codAtor) VALUES (6, 50);
INSERT INTO ESTRELA (num_Filme, codAtor) VALUES (7, 41);
INSERT INTO ESTRELA (num_Filme, codAtor) VALUES (7, 50);
INSERT INTO ESTRELA (num_Filme, codAtor) VALUES (7, 44);
INSERT INTO ESTRELA (num_Filme, codAtor) VALUES (8, 9);
INSERT INTO ESTRELA (num_Filme, codAtor) VALUES (8, 16);
INSERT INTO ESTRELA (num_Filme, codAtor) VALUES (8, 13);
INSERT INTO ESTRELA (num_Filme, codAtor) VALUES (8, 22);
INSERT INTO ESTRELA (num_Filme, codAtor) VALUES (8, 11);
INSERT INTO ESTRELA (num_Filme, codAtor) VALUES (9, 30);
INSERT INTO ESTRELA (num_Filme, codAtor) VALUES (9, 25);
INSERT INTO ESTRELA (num_Filme, codAtor) VALUES (9, 20);
INSERT INTO ESTRELA (num_Filme, codAtor) VALUES (9, 31);
INSERT INTO ESTRELA (num_Filme, codAtor) VALUES (10, 47);
INSERT INTO ESTRELA (num_Filme, codAtor) VALUES (10, 39);
INSERT INTO ESTRELA (num_Filme, codAtor) VALUES (10, 6);
INSERT INTO ESTRELA (num_Filme, codAtor) VALUES (10, 33);
INSERT INTO ESTRELA (num_Filme, codAtor) VALUES (11, 27);
INSERT INTO ESTRELA (num_Filme, codAtor) VALUES (11, 6);
INSERT INTO ESTRELA (num_Filme, codAtor) VALUES (11, 23);
INSERT INTO ESTRELA (num_Filme, codAtor) VALUES (11, 5);
INSERT INTO ESTRELA (num_Filme, codAtor) VALUES (11, 45);
INSERT INTO ESTRELA (num_Filme, codAtor) VALUES (12, 49);
INSERT INTO ESTRELA (num_Filme, codAtor) VALUES (12, 38);
INSERT INTO ESTRELA (num_Filme, codAtor) VALUES (12, 47);
INSERT INTO ESTRELA (num_Filme, codAtor) VALUES (12, 29);
INSERT INTO ESTRELA (num_Filme, codAtor) VALUES (12, 31);
INSERT INTO ESTRELA (num_Filme, codAtor) VALUES (13, 47);
INSERT INTO ESTRELA (num_Filme, codAtor) VALUES (13, 7);
INSERT INTO ESTRELA (num_Filme, codAtor) VALUES (13, 25);
INSERT INTO ESTRELA (num_Filme, codAtor) VALUES (13, 48);
INSERT INTO ESTRELA (num_Filme, codAtor) VALUES (14, 35);
INSERT INTO ESTRELA (num_Filme, codAtor) VALUES (14, 18);
INSERT INTO ESTRELA (num_Filme, codAtor) VALUES (14, 28);
INSERT INTO ESTRELA (num_Filme, codAtor) VALUES (15, 7);
INSERT INTO ESTRELA (num_Filme, codAtor) VALUES (15, 3);
INSERT INTO ESTRELA (num_Filme, codAtor) VALUES (15, 36);
INSERT INTO ESTRELA (num_Filme, codAtor) VALUES (15, 10);
INSERT INTO ESTRELA (num_Filme, codAtor) VALUES (16, 42);
INSERT INTO ESTRELA (num_Filme, codAtor) VALUES (16, 16);
INSERT INTO ESTRELA (num_Filme, codAtor) VALUES (16, 18);
INSERT INTO ESTRELA (num_Filme, codAtor) VALUES (16, 1);
INSERT INTO ESTRELA (num_Filme, codAtor) VALUES (16, 25);
INSERT INTO ESTRELA (num_Filme, codAtor) VALUES (17, 34);
INSERT INTO ESTRELA (num_Filme, codAtor) VALUES (17, 3);
INSERT INTO ESTRELA (num_Filme, codAtor) VALUES (17, 15);
INSERT INTO ESTRELA (num_Filme, codAtor) VALUES (18, 34);
INSERT INTO ESTRELA (num_Filme, codAtor) VALUES (18, 42);
INSERT INTO ESTRELA (num_Filme, codAtor) VALUES (18, 18);
INSERT INTO ESTRELA (num_Filme, codAtor) VALUES (19, 35);
INSERT INTO ESTRELA (num_Filme, codAtor) VALUES (19, 36);
INSERT INTO ESTRELA (num_Filme, codAtor) VALUES (19, 14);
INSERT INTO ESTRELA (num_Filme, codAtor) VALUES (19, 49);
INSERT INTO ESTRELA (num_Filme, codAtor) VALUES (19, 39);
INSERT INTO ESTRELA (num_Filme, codAtor) VALUES (20, 7);
INSERT INTO ESTRELA (num_Filme, codAtor) VALUES (20, 36);
INSERT INTO ESTRELA (num_Filme, codAtor) VALUES (20, 1);
INSERT INTO ESTRELA (num_Filme, codAtor) VALUES (20, 48);
INSERT INTO ESTRELA (num_Filme, codAtor) VALUES (20, 35);
INSERT INTO ESTRELA (num_Filme, codAtor) VALUES (21, 36);
INSERT INTO ESTRELA (num_Filme, codAtor) VALUES (21, 4);
INSERT INTO ESTRELA (num_Filme, codAtor) VALUES (22, 5);
INSERT INTO ESTRELA (num_Filme, codAtor) VALUES (22, 49);
INSERT INTO ESTRELA (num_Filme, codAtor) VALUES (22, 15);
INSERT INTO ESTRELA (num_Filme, codAtor) VALUES (23, 39);
INSERT INTO ESTRELA (num_Filme, codAtor) VALUES (23, 13);
INSERT INTO ESTRELA (num_Filme, codAtor) VALUES (23, 9);
INSERT INTO ESTRELA (num_Filme, codAtor) VALUES (24, 47);
INSERT INTO ESTRELA (num_Filme, codAtor) VALUES (24, 10);
INSERT INTO ESTRELA (num_Filme, codAtor) VALUES (24, 15);
INSERT INTO ESTRELA (num_Filme, codAtor) VALUES (24, 18);
INSERT INTO ESTRELA (num_Filme, codAtor) VALUES (25, 6);
INSERT INTO ESTRELA (num_Filme, codAtor) VALUES (25, 43);
INSERT INTO ESTRELA (num_Filme, codAtor) VALUES (25, 29);
INSERT INTO ESTRELA (num_Filme, codAtor) VALUES (25, 35);
INSERT INTO ESTRELA (num_Filme, codAtor) VALUES (25, 31);
INSERT INTO ESTRELA (num_Filme, codAtor) VALUES (26, 13);
INSERT INTO ESTRELA (num_Filme, codAtor) VALUES (26, 50);
INSERT INTO ESTRELA (num_Filme, codAtor) VALUES (26, 33);
INSERT INTO ESTRELA (num_Filme, codAtor) VALUES (26, 41);
INSERT INTO ESTRELA (num_Filme, codAtor) VALUES (27, 4);
INSERT INTO ESTRELA (num_Filme, codAtor) VALUES (27, 14);
INSERT INTO ESTRELA (num_Filme, codAtor) VALUES (28, 1);
INSERT INTO ESTRELA (num_Filme, codAtor) VALUES (28, 15);
INSERT INTO ESTRELA (num_Filme, codAtor) VALUES (28, 27);
INSERT INTO ESTRELA (num_Filme, codAtor) VALUES (28, 21);
INSERT INTO ESTRELA (num_Filme, codAtor) VALUES (28, 8);
INSERT INTO ESTRELA (num_Filme, codAtor) VALUES (29, 37);
INSERT INTO ESTRELA (num_Filme, codAtor) VALUES (29, 12);
INSERT INTO ESTRELA (num_Filme, codAtor) VALUES (29, 49);
INSERT INTO ESTRELA (num_Filme, codAtor) VALUES (29, 39);
INSERT INTO ESTRELA (num_Filme, codAtor) VALUES (29, 36);
INSERT INTO ESTRELA (num_Filme, codAtor) VALUES (30, 36);
INSERT INTO ESTRELA (num_Filme, codAtor) VALUES (30, 14);
INSERT INTO ESTRELA (num_Filme, codAtor) VALUES (30, 42);
INSERT INTO ESTRELA (num_Filme, codAtor) VALUES (30, 7);
INSERT INTO ESTRELA (num_Filme, codAtor) VALUES (31, 45);
INSERT INTO ESTRELA (num_Filme, codAtor) VALUES (31, 30);
INSERT INTO ESTRELA (num_Filme, codAtor) VALUES (32, 28);
INSERT INTO ESTRELA (num_Filme, codAtor) VALUES (32, 29);
INSERT INTO ESTRELA (num_Filme, codAtor) VALUES (32, 22);
INSERT INTO ESTRELA (num_Filme, codAtor) VALUES (33, 20);
INSERT INTO ESTRELA (num_Filme, codAtor) VALUES (33, 47);
INSERT INTO ESTRELA (num_Filme, codAtor) VALUES (34, 17);
INSERT INTO ESTRELA (num_Filme, codAtor) VALUES (34, 42);
INSERT INTO ESTRELA (num_Filme, codAtor) VALUES (34, 16);
INSERT INTO ESTRELA (num_Filme, codAtor) VALUES (34, 37);
INSERT INTO ESTRELA (num_Filme, codAtor) VALUES (34, 9);
INSERT INTO ESTRELA (num_Filme, codAtor) VALUES (35, 1);
INSERT INTO ESTRELA (num_Filme, codAtor) VALUES (35, 5);
INSERT INTO ESTRELA (num_Filme, codAtor) VALUES (36, 44);
INSERT INTO ESTRELA (num_Filme, codAtor) VALUES (36, 18);
INSERT INTO ESTRELA (num_Filme, codAtor) VALUES (36, 5);
INSERT INTO ESTRELA (num_Filme, codAtor) VALUES (37, 2);
INSERT INTO ESTRELA (num_Filme, codAtor) VALUES (37, 31);
INSERT INTO ESTRELA (num_Filme, codAtor) VALUES (38, 26);
INSERT INTO ESTRELA (num_Filme, codAtor) VALUES (38, 25);
INSERT INTO ESTRELA (num_Filme, codAtor) VALUES (38, 12);
INSERT INTO ESTRELA (num_Filme, codAtor) VALUES (38, 50);
INSERT INTO ESTRELA (num_Filme, codAtor) VALUES (38, 22);
INSERT INTO ESTRELA (num_Filme, codAtor) VALUES (39, 19);
INSERT INTO ESTRELA (num_Filme, codAtor) VALUES (39, 10);
INSERT INTO ESTRELA (num_Filme, codAtor) VALUES (39, 1);
INSERT INTO ESTRELA (num_Filme, codAtor) VALUES (39, 50);
INSERT INTO ESTRELA (num_Filme, codAtor) VALUES (39, 41);
INSERT INTO ESTRELA (num_Filme, codAtor) VALUES (40, 19);
INSERT INTO ESTRELA (num_Filme, codAtor) VALUES (40, 35);
INSERT INTO ESTRELA (num_Filme, codAtor) VALUES (40, 9);
INSERT INTO ESTRELA (num_Filme, codAtor) VALUES (40, 31);
INSERT INTO ESTRELA (num_Filme, codAtor) VALUES (40, 43);
INSERT INTO ESTRELA (num_Filme, codAtor) VALUES (41, 27);
INSERT INTO ESTRELA (num_Filme, codAtor) VALUES (41, 1);
INSERT INTO ESTRELA (num_Filme, codAtor) VALUES (41, 11);
INSERT INTO ESTRELA (num_Filme, codAtor) VALUES (42, 12);
INSERT INTO ESTRELA (num_Filme, codAtor) VALUES (42, 24);
INSERT INTO ESTRELA (num_Filme, codAtor) VALUES (42, 19);
INSERT INTO ESTRELA (num_Filme, codAtor) VALUES (43, 11);
INSERT INTO ESTRELA (num_Filme, codAtor) VALUES (43, 41);
INSERT INTO ESTRELA (num_Filme, codAtor) VALUES (44, 44);
INSERT INTO ESTRELA (num_Filme, codAtor) VALUES (44, 45);
INSERT INTO ESTRELA (num_Filme, codAtor) VALUES (45, 27);
INSERT INTO ESTRELA (num_Filme, codAtor) VALUES (45, 38);
INSERT INTO ESTRELA (num_Filme, codAtor) VALUES (46, 35);
INSERT INTO ESTRELA (num_Filme, codAtor) VALUES (46, 29);
INSERT INTO ESTRELA (num_Filme, codAtor) VALUES (46, 21);
INSERT INTO ESTRELA (num_Filme, codAtor) VALUES (46, 39);
INSERT INTO ESTRELA (num_Filme, codAtor) VALUES (46, 30);
INSERT INTO ESTRELA (num_Filme, codAtor) VALUES (47, 20);
INSERT INTO ESTRELA (num_Filme, codAtor) VALUES (47, 17);
INSERT INTO ESTRELA (num_Filme, codAtor) VALUES (47, 29);
INSERT INTO ESTRELA (num_Filme, codAtor) VALUES (47, 10);
INSERT INTO ESTRELA (num_Filme, codAtor) VALUES (47, 28);
INSERT INTO ESTRELA (num_Filme, codAtor) VALUES (48, 28);
INSERT INTO ESTRELA (num_Filme, codAtor) VALUES (48, 41);
INSERT INTO ESTRELA (num_Filme, codAtor) VALUES (48, 31);
INSERT INTO ESTRELA (num_Filme, codAtor) VALUES (49, 10);
INSERT INTO ESTRELA (num_Filme, codAtor) VALUES (49, 24);
INSERT INTO ESTRELA (num_Filme, codAtor) VALUES (49, 39);
INSERT INTO ESTRELA (num_Filme, codAtor) VALUES (50, 27);
INSERT INTO ESTRELA (num_Filme, codAtor) VALUES (50, 42);
INSERT INTO ESTRELA (num_Filme, codAtor) VALUES (51, 35);
INSERT INTO ESTRELA (num_Filme, codAtor) VALUES (51, 34);
INSERT INTO ESTRELA (num_Filme, codAtor) VALUES (51, 11);
INSERT INTO ESTRELA (num_Filme, codAtor) VALUES (51, 31);
INSERT INTO ESTRELA (num_Filme, codAtor) VALUES (52, 49);
INSERT INTO ESTRELA (num_Filme, codAtor) VALUES (52, 32);
INSERT INTO ESTRELA (num_Filme, codAtor) VALUES (53, 6);
INSERT INTO ESTRELA (num_Filme, codAtor) VALUES (53, 43);
INSERT INTO ESTRELA (num_Filme, codAtor) VALUES (53, 18);
INSERT INTO ESTRELA (num_Filme, codAtor) VALUES (53, 38);
INSERT INTO ESTRELA (num_Filme, codAtor) VALUES (54, 37);
INSERT INTO ESTRELA (num_Filme, codAtor) VALUES (54, 22);
INSERT INTO ESTRELA (num_Filme, codAtor) VALUES (54, 10);
INSERT INTO ESTRELA (num_Filme, codAtor) VALUES (54, 5);
INSERT INTO ESTRELA (num_Filme, codAtor) VALUES (54, 30);
INSERT INTO ESTRELA (num_Filme, codAtor) VALUES (55, 33);
INSERT INTO ESTRELA (num_Filme, codAtor) VALUES (55, 17);
INSERT INTO ESTRELA (num_Filme, codAtor) VALUES (55, 50);
INSERT INTO ESTRELA (num_Filme, codAtor) VALUES (55, 6);
INSERT INTO ESTRELA (num_Filme, codAtor) VALUES (55, 5);
INSERT INTO ESTRELA (num_Filme, codAtor) VALUES (56, 21);
INSERT INTO ESTRELA (num_Filme, codAtor) VALUES (56, 5);
INSERT INTO ESTRELA (num_Filme, codAtor) VALUES (57, 6);
INSERT INTO ESTRELA (num_Filme, codAtor) VALUES (57, 18);
INSERT INTO ESTRELA (num_Filme, codAtor) VALUES (57, 35);
INSERT INTO ESTRELA (num_Filme, codAtor) VALUES (57, 27);
INSERT INTO ESTRELA (num_Filme, codAtor) VALUES (57, 14);
INSERT INTO ESTRELA (num_Filme, codAtor) VALUES (58, 39);
INSERT INTO ESTRELA (num_Filme, codAtor) VALUES (58, 21);
INSERT INTO ESTRELA (num_Filme, codAtor) VALUES (59, 14);
INSERT INTO ESTRELA (num_Filme, codAtor) VALUES (59, 13);
INSERT INTO ESTRELA (num_Filme, codAtor) VALUES (59, 39);
INSERT INTO ESTRELA (num_Filme, codAtor) VALUES (60, 13);
INSERT INTO ESTRELA (num_Filme, codAtor) VALUES (60, 22);
INSERT INTO ESTRELA (num_Filme, codAtor) VALUES (61, 48);
INSERT INTO ESTRELA (num_Filme, codAtor) VALUES (61, 47);
INSERT INTO ESTRELA (num_Filme, codAtor) VALUES (61, 13);
INSERT INTO ESTRELA (num_Filme, codAtor) VALUES (62, 15);
INSERT INTO ESTRELA (num_Filme, codAtor) VALUES (62, 10);
INSERT INTO ESTRELA (num_Filme, codAtor) VALUES (62, 48);
INSERT INTO ESTRELA (num_Filme, codAtor) VALUES (63, 47);
INSERT INTO ESTRELA (num_Filme, codAtor) VALUES (63, 33);
INSERT INTO ESTRELA (num_Filme, codAtor) VALUES (63, 36);
INSERT INTO ESTRELA (num_Filme, codAtor) VALUES (63, 46);
INSERT INTO ESTRELA (num_Filme, codAtor) VALUES (63, 16);
INSERT INTO ESTRELA (num_Filme, codAtor) VALUES (64, 30);
INSERT INTO ESTRELA (num_Filme, codAtor) VALUES (64, 22);
INSERT INTO ESTRELA (num_Filme, codAtor) VALUES (64, 32);
INSERT INTO ESTRELA (num_Filme, codAtor) VALUES (65, 40);
INSERT INTO ESTRELA (num_Filme, codAtor) VALUES (65, 29);
INSERT INTO ESTRELA (num_Filme, codAtor) VALUES (65, 38);
INSERT INTO ESTRELA (num_Filme, codAtor) VALUES (65, 27);
INSERT INTO ESTRELA (num_Filme, codAtor) VALUES (65, 14);
INSERT INTO ESTRELA (num_Filme, codAtor) VALUES (66, 44);
INSERT INTO ESTRELA (num_Filme, codAtor) VALUES (66, 47);
INSERT INTO ESTRELA (num_Filme, codAtor) VALUES (66, 24);
INSERT INTO ESTRELA (num_Filme, codAtor) VALUES (67, 34);
INSERT INTO ESTRELA (num_Filme, codAtor) VALUES (67, 30);
INSERT INTO ESTRELA (num_Filme, codAtor) VALUES (67, 35);
INSERT INTO ESTRELA (num_Filme, codAtor) VALUES (67, 45);
INSERT INTO ESTRELA (num_Filme, codAtor) VALUES (67, 24);
INSERT INTO ESTRELA (num_Filme, codAtor) VALUES (68, 13);
INSERT INTO ESTRELA (num_Filme, codAtor) VALUES (68, 28);
INSERT INTO ESTRELA (num_Filme, codAtor) VALUES (69, 9);
INSERT INTO ESTRELA (num_Filme, codAtor) VALUES (69, 28);
INSERT INTO ESTRELA (num_Filme, codAtor) VALUES (70, 34);
INSERT INTO ESTRELA (num_Filme, codAtor) VALUES (70, 48);
INSERT INTO ESTRELA (num_Filme, codAtor) VALUES (70, 2);
INSERT INTO ESTRELA (num_Filme, codAtor) VALUES (70, 32);
INSERT INTO ESTRELA (num_Filme, codAtor) VALUES (70, 13);
INSERT INTO ESTRELA (num_Filme, codAtor) VALUES (71, 45);
INSERT INTO ESTRELA (num_Filme, codAtor) VALUES (71, 25);
INSERT INTO ESTRELA (num_Filme, codAtor) VALUES (71, 4);
INSERT INTO ESTRELA (num_Filme, codAtor) VALUES (71, 22);
INSERT INTO ESTRELA (num_Filme, codAtor) VALUES (72, 12);
INSERT INTO ESTRELA (num_Filme, codAtor) VALUES (72, 15);
INSERT INTO ESTRELA (num_Filme, codAtor) VALUES (72, 33);
INSERT INTO ESTRELA (num_Filme, codAtor) VALUES (73, 15);
INSERT INTO ESTRELA (num_Filme, codAtor) VALUES (73, 4);
INSERT INTO ESTRELA (num_Filme, codAtor) VALUES (74, 2);
INSERT INTO ESTRELA (num_Filme, codAtor) VALUES (74, 40);
INSERT INTO ESTRELA (num_Filme, codAtor) VALUES (75, 14);
INSERT INTO ESTRELA (num_Filme, codAtor) VALUES (75, 30);
INSERT INTO ESTRELA (num_Filme, codAtor) VALUES (75, 32);
INSERT INTO ESTRELA (num_Filme, codAtor) VALUES (75, 6);
INSERT INTO ESTRELA (num_Filme, codAtor) VALUES (75, 50);
INSERT INTO ESTRELA (num_Filme, codAtor) VALUES (76, 44);
INSERT INTO ESTRELA (num_Filme, codAtor) VALUES (76, 36);
INSERT INTO ESTRELA (num_Filme, codAtor) VALUES (76, 16);
INSERT INTO ESTRELA (num_Filme, codAtor) VALUES (77, 2);
INSERT INTO ESTRELA (num_Filme, codAtor) VALUES (77, 24);
INSERT INTO ESTRELA (num_Filme, codAtor) VALUES (77, 25);
INSERT INTO ESTRELA (num_Filme, codAtor) VALUES (77, 42);
INSERT INTO ESTRELA (num_Filme, codAtor) VALUES (77, 46);
INSERT INTO ESTRELA (num_Filme, codAtor) VALUES (78, 9);
INSERT INTO ESTRELA (num_Filme, codAtor) VALUES (78, 30);
INSERT INTO ESTRELA (num_Filme, codAtor) VALUES (78, 44);
INSERT INTO ESTRELA (num_Filme, codAtor) VALUES (78, 13);
INSERT INTO ESTRELA (num_Filme, codAtor) VALUES (79, 7);
INSERT INTO ESTRELA (num_Filme, codAtor) VALUES (79, 9);
INSERT INTO ESTRELA (num_Filme, codAtor) VALUES (80, 3);
INSERT INTO ESTRELA (num_Filme, codAtor) VALUES (80, 5);
INSERT INTO ESTRELA (num_Filme, codAtor) VALUES (80, 34);
INSERT INTO ESTRELA (num_Filme, codAtor) VALUES (80, 41);
INSERT INTO ESTRELA (num_Filme, codAtor) VALUES (80, 1);

